timestamp,user,text,category,topic,source,energy_signal,stress_signal,focus_signal,motivation_signal
2026-03-20 09:55:29.801000+00:00,devilcry6929,https://learning-bot.talpadeavi0303.pages.dev/,learning,general,telegram,0.5,0.5,0.5,0.5
2026-03-21 15:42:07.056000+00:00,devilcry6929,Yesterday had good time with new friends,general,general,telegram,0.5,0.5,0.5,0.5
2026-03-21 15:42:14.436000+00:00,devilcry6929,Was awake till 4 am,general,general,telegram,0.5,0.5,0.5,0.5
2026-03-21 15:42:28.170000+00:00,devilcry6929,Enjoyed without thinking much,general,general,telegram,0.5,0.5,0.5,0.5
2026-03-21 15:42:53.777000+00:00,devilcry6929,Was in good shape but I was really sleepy around 3:30,general,general,telegram,0.5,0.5,0.5,0.5
2026-03-21 15:43:04.238000+00:00,devilcry6929,Today slept alot not good health,general,general,telegram,0.5,0.5,0.5,0.5
2026-03-21 16:54:20.809000+00:00,devilcry6929,Here is the token for bot learning-bot @learning_tracker1_bot:,learning,general,telegram,0.5,0.5,0.5,0.5
2026-03-21 16:54:20.809000+00:00,devilcry6929,8416498123:AAHOXgbBGygupRq_E2vnDQxv4PDSSNDaH_0,general,general,telegram,0.5,0.5,0.5,0.5
2026-03-21 17:11:27.303000+00:00,devilcry6929,Studied python 1 hour feeling focused today,learning,python,telegram,0.5,0.5,0.5,0.5
