timestamp,type,value
2026-03-13,study,MO:test | PR:test
2026-03-13,study,MO:test | PR:test
2026-03-13,study,MO:test | PR:test
2026-03-13,study,Test: learning tracker
2026-03-13,study,Test: learning tracker
2026-03-13,task,DO: Kubernetes services
2026-03-13,progress,Applied to microsoft today
2026-03-13,study,Studied Kubernetes ingress today
2026-03-13,progress,above was data
2026-03-13,goal,diary: its morning i will be working sharp 11 on my goals consistency is important
2026-03-13,goal,hi
2026-03-13,study,Studied Kubernetes
2026-03-13,progress,Applied for jobs
2026-03-13,health,eat go food
