"timestamp","user","text","category","topic","source"
"2026-03-18T10:05:00.165Z","devilcry6929","Woke up early today around 7 am","general","general","telegram"
"2026-03-18T10:05:05.479Z","devilcry6929","Enjoyed football game with friends","general","general","telegram"
"2026-03-18T10:05:10.690Z","devilcry6929","Today I will work on more ML training","general","ml","telegram"
"2026-03-18T10:05:15.284Z","devilcry6929","It is 9:30 am now having good time with friends","general","general","telegram"
"2026-03-18T10:05:19.743Z","devilcry6929","Be fit","general","general","telegram"
"2026-03-18T11:59:28.406Z","devilcry6929","tried improvising model and pipline working now only to improve model and frontend","general","general","telegram"
"2026-03-18T11:59:34.147Z","devilcry6929","add a chatbot as well","general","general","telegram"
"2026-03-18T12:42:05.892Z","devilcry6929","lets go for frontend","general","general","telegram"
"2026-03-19T04:58:45.897Z","devilcry6929","woke up at 6:45 am around","general","general","telegram"
"2026-03-19T04:59:04.868Z","devilcry6929","went for cold drinks","general","general","telegram"
"2026-03-19T04:59:25.162Z","devilcry6929","played football good game overall it was 8-9 out of 10 scale","general","general","telegram"
"2026-03-19T04:59:36.310Z","devilcry6929","ironed my clothes washed my clothes","general","general","telegram"
"2026-03-19T04:59:45.997Z","devilcry6929","now i will trim my hairs","general","general","telegram"
"2026-03-19T11:24:09.100Z","devilcry6929","no productive study today","learning","general","telegram"
"2026-03-19T11:24:32.015Z","devilcry6929","applied for around 10 jobs approximately","career","general","telegram"
"2026-03-19T15:16:54.221Z","devilcry6929","site important : https://learning-bot.talpadeavi0303.workers.dev/","learning","general","telegram"
"2026-03-20T04:13:33.230Z","devilcry6929","woke up late around 7:50","general","general","telegram"
"2026-03-20T04:13:52.782Z","devilcry6929","played football not a good game but had fun around","general","general","telegram"
"2026-03-20T04:14:19.742Z","devilcry6929","rahul wanted to take mutton so we are currently in akole","general","general","telegram"
